method,grid_step_deg,metric,mean,lo,hi,median
SateBeam,1.0,f1,0.9666666666666666,0.8999999999999998,1.0,1.0
SateBeam,2.0,f1,0.9666666666666666,0.8999999999999998,1.0,1.0
SateBeam,4.0,f1,1.0,1.0,1.0,1.0
SateBeam,1.0,query_rmse_db,0.17113166537439709,0.04437037731932629,0.41477817438688386,0.05541279504139475
SateBeam,2.0,query_rmse_db,0.16873676818852448,0.04431913218086243,0.4078534468618988,0.05552192196284705
SateBeam,4.0,query_rmse_db,0.053488753140499015,0.04436296614791984,0.062265811626777225,0.05554098523068485
OMP-Grid,1.0,f1,0.9857142857142858,0.9571428571428571,1.0,1.0
OMP-Grid,2.0,f1,1.0,1.0,1.0,1.0
OMP-Grid,4.0,f1,0.9857142857142858,0.9571428571428571,1.0,1.0
OMP-Grid,1.0,query_rmse_db,0.5306920914104484,0.4146023524501517,0.6344868052758948,0.5680521347612948
OMP-Grid,2.0,query_rmse_db,0.6295017256837064,0.5329691556782304,0.7175091167501964,0.63515475465629
OMP-Grid,4.0,query_rmse_db,0.8866852020519221,0.7410364375267051,1.023460925789847,0.9556135237528014
