condition,method,metric,mean,lo,hi
coh_q10_ratio00db,SateBeam,f1,1.0,1.0,1.0
coh_q10_ratio00db,OMP-Grid,f1,1.0,1.0,1.0
coh_q90_ratio00db,SateBeam,f1,0.9550000000000001,0.8949999999999999,1.0
coh_q90_ratio00db,OMP-Grid,f1,0.905,0.82,0.975
coh_q10_ratio06db,SateBeam,f1,1.0,1.0,1.0
coh_q10_ratio06db,OMP-Grid,f1,0.72,0.6532916666666666,0.7933333333333333
coh_q90_ratio06db,SateBeam,f1,0.8983333333333332,0.8083333333333333,0.9733333333333334
coh_q90_ratio06db,OMP-Grid,f1,0.8333333333333333,0.7499999999999999,0.9166666666666666
coh_q10_ratio00db,SateBeam,query_rmse_db,0.04578602073483376,0.03791841714363582,0.05431277060649514
coh_q10_ratio00db,OMP-Grid,query_rmse_db,0.7224558168838511,0.6360965548878388,0.8077276474538264
coh_q90_ratio00db,SateBeam,query_rmse_db,0.12215798532534416,0.07264543319601822,0.18285250253338461
coh_q90_ratio00db,OMP-Grid,query_rmse_db,0.8176864898170519,0.74676653718487,0.8921830598024567
coh_q10_ratio06db,SateBeam,query_rmse_db,0.2838939888271814,0.13757216174421485,0.488505536528094
coh_q10_ratio06db,OMP-Grid,query_rmse_db,1.720348262607861,1.3791676767073868,2.065994700353987
coh_q90_ratio06db,SateBeam,query_rmse_db,0.37582392369418294,0.2410792111284833,0.5375653859723571
coh_q90_ratio06db,OMP-Grid,query_rmse_db,1.6777015968522515,1.4553526724469033,1.8972404713761468
