method,trials,f1_mean,f1_lo,f1_hi,precision_mean,precision_lo,precision_hi,recall_mean,recall_lo,recall_hi,exact_support_mean,exact_support_lo,exact_support_hi,query_rmse_db_mean,query_rmse_db_lo,query_rmse_db_hi,center_error_deg_mean,center_error_deg_lo,center_error_deg_hi,width_mae_deg_mean,width_mae_deg_lo,width_mae_deg_hi,runtime_median,runtime_q25,runtime_q75,runtime_p90
SateBeam,30,1.0,1.0,1.0,1.0,1.0,1.0,1.0,1.0,1.0,1.0,1.0,1.0,0.050093411573223785,0.04445322187856807,0.05582862097941146,0.06279565006791159,0.05706442449104289,0.0683446420058425,0.05875212965171024,0.05086940434330486,0.06749688729007589,14.567014350090176,13.036053375079064,20.78692522496567,29.59524967994075
OMP-Grid,30,0.9747354497354498,0.9511904761904763,0.9925925925925926,0.9783333333333334,0.9533333333333334,1.0,0.975,0.95,1.0,0.8333333333333334,0.7,0.9666666666666667,0.6554714752236447,0.5802275963326707,0.7288765010509557,1.0650567727438256,0.9251539355256924,1.2207678009286667,0.9420953760865896,0.7961024766297625,1.0913191238200606,8.57904654997401,8.429617674992187,9.158103424997535,9.63368884996744
Lasso-Grid,30,0.6611111111111113,0.6500000000000001,0.6666666666666669,0.49583333333333335,0.4875,0.5,0.9916666666666667,0.975,1.0,0.0,0.0,0.0,2.2484889709969904,2.0151504983768054,2.487105040647227,1.906675310394149,1.5967991095146337,2.261189040641112,2.7500684611995445,2.3517189095910576,3.1433711346255455,9.416177649982274,9.230171774950577,9.770561925048241,10.76108394000912
Orbit-NNLS,30,0.8972222222222223,0.8543650793650794,0.936904761904762,0.9638888888888888,0.9277777777777777,0.9916666666666667,0.85,0.7916666666666666,0.9083333333333333,0.4666666666666667,0.3,0.6333333333333333,1.7087980168330432,1.5610697747545075,1.847182684037912,1.9532944545476563,1.7680994220975135,2.1369135646550097,2.061769686445758,1.8663048967491767,2.25320432787714,0.090892200008966,0.07933234993834043,0.0996668500592932,0.11808381997980176
Peak,30,0.048412698412698414,0.0,0.11349206349206348,0.06111111111111111,0.0,0.14444444444444446,0.041666666666666664,0.0,0.09166666666666666,0.0,0.0,0.0,7.963143264972625,7.270136929381643,8.542749193503855,1.879435701253768,1.1880106908324986,2.711727525581645,2.724974852314269,2.0550928798403696,3.3061574011509727,0.0360294500133022,0.03462227495037945,0.0423378250270616,0.05535394001053643
DeepRM-TD,30,,,,,,,,,,,,,0.2526602122557004,0.22818811476750622,0.2792878014660031,,,,,,,3.544374049990438,3.255744374997448,3.9556781249993946,4.527644479984883
Kriging,30,,,,,,,,,,,,,0.35331644865129663,0.32618873571079177,0.38044195729023744,,,,,,,0.02725144999567415,0.0243765249906573,0.0321493749215733,0.0428449900238774
SoftImpute,30,,,,,,,,,,,,,2.932956464074798,2.7747365963827617,3.0905304733587045,,,,,,,0.03192984999623145,0.0279331000638194,0.03496412502136077,0.04304188997484736
Oracle-Support,30,1.0,1.0,1.0,1.0,1.0,1.0,1.0,1.0,1.0,1.0,1.0,1.0,0.05008411608661605,0.04432071573539852,0.05590141811990268,0.06272949921709711,0.05695537420813753,0.06871276049486381,0.058852368350211196,0.05090691492949064,0.06727972230835208,10.797516599996015,10.055269974953262,11.585064574988793,12.090333060151897
