condition,method,metric,mean,lo,hi,trials
legacy_sinc,SateBeam,f1,1.0,1.0,1.0,20
legacy_sinc,SateBeam,query_rmse_db,0.2029645722594418,0.17230269694728778,0.23380266231764044,20
legacy_sinc,OMP-Grid,f1,0.9748015873015874,0.9426587301587303,1.0,20
legacy_sinc,OMP-Grid,query_rmse_db,0.708476555351992,0.6280645006653508,0.7979837637610183,20
elliptic_r1p5_rot30,SateBeam,f1,0.928888888888889,0.888888888888889,0.9622222222222223,20
elliptic_r1p5_rot30,SateBeam,query_rmse_db,1.378793196307426,1.250941575806413,1.5023898724986018,20
elliptic_r1p5_rot30,OMP-Grid,f1,0.9229365079365079,0.8837678571428572,0.9595238095238094,20
elliptic_r1p5_rot30,OMP-Grid,query_rmse_db,1.5274176292123132,1.3957065324882043,1.6717585275167925,20
shadow_4db,SateBeam,f1,0.8611904761904763,0.7940079365079366,0.9222668650793652,20
shadow_4db,SateBeam,query_rmse_db,2.4205470890858276,2.3169141179406583,2.530698904438642,20
shadow_4db,OMP-Grid,f1,0.7796212121212122,0.7432815656565658,0.819596590909091,20
shadow_4db,OMP-Grid,query_rmse_db,2.4789177497759214,2.3757703956376437,2.5954533718085515,20
blockage_10pct,SateBeam,f1,0.9440476190476191,0.9055505952380952,0.9761904761904763,20
blockage_10pct,SateBeam,query_rmse_db,3.223113600949918,3.00342489607919,3.4137822706995804,20
blockage_10pct,OMP-Grid,f1,0.8367171717171716,0.7422695707070709,0.9161616161616161,20
blockage_10pct,OMP-Grid,query_rmse_db,3.2924530898179243,3.093464870519839,3.45945903663723,20
