method,n_candidates,metric,mean,lo,hi,median,n_active
SateBeam,8.0,f1,1.0,1.0,1.0,1.0,
SateBeam,16.0,f1,0.9857142857142858,0.9571428571428571,1.0,1.0,
SateBeam,32.0,f1,1.0,1.0,1.0,1.0,
SateBeam,64.0,f1,0.9527777777777778,0.9,0.9888888888888889,1.0,
OMP-Grid,8.0,f1,0.8514285714285714,0.6114285714285714,1.0,1.0,
OMP-Grid,16.0,f1,1.0,1.0,1.0,1.0,
OMP-Grid,32.0,f1,1.0,1.0,1.0,1.0,
SateBeam,,f1,1.0,1.0,1.0,1.0,1.0
SateBeam,,f1,1.0,1.0,1.0,1.0,2.0
SateBeam,,f1,1.0,1.0,1.0,1.0,4.0
SateBeam,,f1,0.9441176470588235,0.8441176470588235,1.0,1.0,8.0
SateBeam,8.0,runtime_s,25.19497876664779,15.920102300005963,34.5813530999003,25.083480900037102,
SateBeam,16.0,runtime_s,21.69710233338022,15.88943730003666,29.433803800144236,19.768065899959765,
SateBeam,32.0,runtime_s,17.18480120001671,14.005492200143635,19.684049999923445,17.864861399983056,
SateBeam,64.0,runtime_s,26.431475599956077,15.429852699977346,46.13509009988047,17.729484000010416,
OMP-Grid,8.0,runtime_s,4.989612540020607,4.716712859994732,5.270495020039379,5.074758899980225,
OMP-Grid,16.0,runtime_s,16.966692500025964,10.903165100025944,23.030219900025987,13.58894289995078,
OMP-Grid,32.0,runtime_s,42.59765115999617,30.57020125996787,50.95961358002387,50.64339049998671,
SateBeam,,query_rmse_db,0.051133440567774135,0.04231204668497051,0.060639778962863634,0.0449809997795359,1.0
SateBeam,,query_rmse_db,0.06935791449456255,0.05484192222174069,0.08398723927351669,0.0687626083965724,2.0
SateBeam,,query_rmse_db,0.04878793028354024,0.03967453338211683,0.05877409234313309,0.047422504187850045,4.0
SateBeam,,query_rmse_db,0.21892034772198937,0.057287683968158816,0.48147425653647785,0.06346414746717574,8.0
