scene_id,f1_v3,precision_v3,recall_v3,exact_support_v3,query_rmse_db_v3,center_error_deg_v3,width_mae_deg_v3,runtime_s_v3,f1_v1,precision_v1,recall_v1,exact_support_v1,query_rmse_db_v1,center_error_deg_v1,width_mae_deg_v1,runtime_s_v1,f1_omp,precision_omp,recall_omp,exact_support_omp,query_rmse_db_omp,center_error_deg_omp,width_mae_deg_omp,runtime_s_omp
0,1.0,1.0,1.0,1.0,0.061349059232103,0.0626410655177331,0.0421562592393878,40.98790100007318,1.0,1.0,1.0,1.0,0.061349059232103,0.0626410655177331,0.0421562592393878,23.364598499960263,1.0,1.0,1.0,1.0,0.8761705678678023,1.167442858076232,0.8396985848501981,10.395708399941212
1,1.0,1.0,1.0,1.0,0.0413989350844712,0.062137332343045,0.0456857674502229,44.62119739991613,1.0,1.0,1.0,1.0,0.0413989350844712,0.062137332343045,0.0456857674502229,33.63039249996655,1.0,1.0,1.0,1.0,0.521641404170119,0.903687803329842,0.5205655211772999,9.38429700001143
2,1.0,1.0,1.0,1.0,0.0290291051310097,0.0335940787607382,0.0431714318689619,53.11427329992876,1.0,1.0,1.0,1.0,0.0290291051310097,0.0335940787607382,0.0431714318689619,24.68035009992309,1.0,1.0,1.0,1.0,0.7078200350562959,1.23413577929412,1.6309927830615187,10.048171500093304
3,1.0,1.0,1.0,1.0,0.0606623301667229,0.0943948333956706,0.0504412303251085,75.77674540004227,1.0,1.0,1.0,1.0,0.0606623301667229,0.0943948333956706,0.0504412303251085,20.59234520001337,1.0,1.0,1.0,1.0,1.087459099816906,2.382749136597968,0.1191550673872421,9.789402800030077
4,1.0,1.0,1.0,1.0,0.0534460732912289,0.082563761971236,0.0621593226804826,50.571711700060405,0.8571428571428571,1.0,0.75,0.0,0.4291896323712362,0.3328746993740102,0.6530131432859404,16.49560169992037,1.0,1.0,1.0,1.0,0.6473721910938457,0.9163894424872012,0.9637493870348568,9.523113999981431
5,1.0,1.0,1.0,1.0,0.0293060029765774,0.0373308821494327,0.0289199296278714,48.50099400000181,1.0,1.0,1.0,1.0,0.0293060029765774,0.0373308821494327,0.0289199296278714,21.996217399952,1.0,1.0,1.0,1.0,0.3059040297233474,0.9068417236055633,0.4351548768141424,9.61638729996048
6,1.0,1.0,1.0,1.0,0.0385644049244487,0.0517808340869355,0.0633776504793566,141.94416329998057,0.8571428571428571,1.0,0.75,0.0,0.4280276872041576,0.2921518917321403,0.8317530003017843,17.485428699990734,1.0,1.0,1.0,1.0,0.5545899371299897,1.0077033052950306,1.2161728231498243,9.29131270002108
7,1.0,1.0,1.0,1.0,0.0375833380280847,0.0837979153302686,0.0957447285323809,47.29873960011173,1.0,1.0,1.0,1.0,0.0375833380280847,0.0837979153302686,0.0957447285323809,20.940093599958345,1.0,1.0,1.0,1.0,0.4912347553988915,0.8807450780268118,0.9878784770531795,8.504647699999623
8,1.0,1.0,1.0,1.0,0.0570315590729088,0.0543043201609151,0.0428046960269843,123.52000809996387,0.8571428571428571,1.0,0.75,0.0,0.4738321819308559,0.4091006278408287,0.3833025698320407,17.10554569994565,1.0,1.0,1.0,1.0,0.8003875346253766,1.1105168639742575,0.7795989613932643,8.364943400025368
9,1.0,1.0,1.0,1.0,0.0795084949278471,0.0729929365437908,0.0988148211354305,85.60352799994871,1.0,1.0,1.0,1.0,0.0795084949278471,0.0729929365437908,0.0988148211354305,21.936410100082867,1.0,1.0,1.0,1.0,0.6503688959700282,0.7393015031399048,1.1156405583392428,8.578131400048733
10,1.0,1.0,1.0,1.0,0.0480840346495583,0.059165269368444,0.1150448956675398,89.96714449999854,1.0,1.0,1.0,1.0,0.0480840346495583,0.059165269368444,0.1150448956675398,14.559749400010332,0.888888888888889,0.8,1.0,0.0,0.6427411331230746,1.3412173093932664,1.788112128117234,8.567467999993823
11,1.0,1.0,1.0,1.0,0.0579471964652216,0.0648536505778115,0.041472110569743,41.90448589995504,1.0,1.0,1.0,1.0,0.0579471964652216,0.0648536505778115,0.041472110569743,7.094803099986166,1.0,1.0,1.0,1.0,0.7581329230431504,1.0511195551472468,1.1206026702055931,8.751184500055388
12,1.0,1.0,1.0,1.0,0.0676848914118057,0.075162674076455,0.0680527312734202,75.88924260006752,1.0,1.0,1.0,1.0,0.0676848914118057,0.075162674076455,0.0680527312734202,6.689168500015512,1.0,1.0,1.0,1.0,0.7117294983373378,1.044475202370145,0.7908353365373662,8.589923300081864
13,1.0,1.0,1.0,1.0,0.0745828046613767,0.0685700038262199,0.0723054779497731,106.78168949997053,1.0,1.0,1.0,1.0,0.0745828046613767,0.0685700038262199,0.0723054779497731,7.080871899961494,1.0,1.0,1.0,1.0,0.8216701529933121,1.0109019116106124,0.7064146800988469,8.690898299915716
14,1.0,1.0,1.0,1.0,0.0929253684646399,0.0617389307584791,0.0593236806319159,23.33994239987805,1.0,1.0,1.0,1.0,0.0929253684646399,0.0617389307584791,0.0593236806319159,7.804475900018588,1.0,1.0,1.0,1.0,0.942095757465634,0.9913747382911278,1.039952920428891,9.41477179992944
15,1.0,1.0,1.0,1.0,0.0467401798459174,0.0972988347283129,0.078933696917969,45.63017050002236,1.0,1.0,1.0,1.0,0.0467401798459174,0.0972988347283129,0.078933696917969,24.735645900131203,1.0,1.0,1.0,1.0,0.4554639735982731,1.557006476209191,1.1596488339405635,8.758475599926896
16,1.0,1.0,1.0,1.0,0.0647474917445021,0.0494855747898119,0.0777314282570038,52.19051009998657,0.75,0.75,0.75,0.0,0.2340025605579667,0.2575041750647154,0.1214552196426783,39.09706960001495,0.75,0.75,0.75,0.0,0.6970297796977868,0.6686693717222582,1.2489338373992578,8.573621800052933
17,1.0,1.0,1.0,1.0,0.0450164378121017,0.0373137174545514,0.0541242531649768,45.44564449996688,1.0,1.0,1.0,1.0,0.0450164378121017,0.0373137174545514,0.0541242531649768,23.788984600105323,1.0,1.0,1.0,1.0,0.7543933279629526,1.5012928244895225,1.4736057682969632,8.382758199935779
18,1.0,1.0,1.0,1.0,0.0353522118075413,0.0569827106872624,0.0334260898613441,144.2916537001729,0.888888888888889,0.8,1.0,0.0,0.2760030190673675,0.5865511255445839,0.2263445867416655,90.67868300015108,0.888888888888889,0.8,1.0,0.0,0.5470006815938275,1.1464396431069654,1.7768270032428668,8.455698700039648
19,1.0,1.0,1.0,1.0,0.0435694769399564,0.0745657828648537,0.0401362106689742,103.02887330006342,0.8,0.6666666666666666,1.0,0.0,1.230286791892082,0.5328544010102411,1.5214390152696182,69.84260289999656,1.0,1.0,1.0,1.0,0.5580624448600586,1.5551870244201291,0.8370661422664223,8.235279299900867
20,1.0,1.0,1.0,1.0,0.044998592850706,0.0644323432069979,0.0693761334943319,40.9030564998975,1.0,1.0,1.0,1.0,0.044998592850706,0.0644323432069979,0.0693761334943319,6.835031500086188,1.0,1.0,1.0,1.0,0.4653224223396356,0.629003642721753,0.4982247524216159,8.527208299958147
21,1.0,1.0,1.0,1.0,0.0385761902933964,0.0463322819853715,0.0940898541683803,101.90915290010162,0.8571428571428571,1.0,0.75,0.0,0.5429570206952551,0.9862942279548678,0.1485922115810805,7.550074499915354,0.8571428571428571,1.0,0.75,0.0,0.7424156031061441,1.5997730321267944,0.277670862394998,8.597312700003386
22,1.0,1.0,1.0,1.0,0.0281654960518029,0.0537639086256634,0.026008834563197,55.31642970000394,0.8571428571428571,1.0,0.75,0.0,0.4818449425415826,0.3913469091533392,0.0904087953075034,10.51508529984858,0.8571428571428571,1.0,0.75,0.0,0.8556577052062386,1.6165964325522983,1.162360043550244,8.345688600093126
23,1.0,1.0,1.0,1.0,0.0235161089094839,0.0439078039279205,0.0310461197241547,82.11134149995632,1.0,1.0,1.0,1.0,0.0235161089094839,0.0439078039279205,0.0310461197241547,14.703352799988352,1.0,1.0,1.0,1.0,0.2438304460312455,0.4966426334626369,0.505207849555569,8.132159400032833
24,1.0,1.0,1.0,1.0,0.0303310102439253,0.072452766910322,0.0536939789371562,54.63858419994358,1.0,1.0,1.0,1.0,0.0303310102439253,0.072452766910322,0.0536939789371562,7.648232499952428,1.0,1.0,1.0,1.0,0.2043059654183067,0.5125970409960214,0.6178095337995877,8.191171500016935
25,1.0,1.0,1.0,1.0,0.0493930452660324,0.0778924597863326,0.0455457287212501,84.15121120004915,1.0,1.0,1.0,1.0,0.0493930452660324,0.0778924597863326,0.0455457287212501,7.708794499980286,1.0,1.0,1.0,1.0,0.705472798454541,0.7337914041092002,1.0639888118021827,8.420923999976367
26,1.0,1.0,1.0,1.0,0.0486280193850416,0.065622202929519,0.0927685059616223,47.01486580003984,1.0,1.0,1.0,1.0,0.0486280193850416,0.065622202929519,0.0927685059616223,7.386860499856994,1.0,1.0,1.0,1.0,0.7240937940091198,1.2896233016673897,0.9188899191858572,8.5029733000556
27,1.0,1.0,1.0,1.0,0.0489407732680129,0.0668139667314791,0.0452194090114268,43.07078609999735,1.0,1.0,1.0,1.0,0.0489407732680129,0.0668139667314791,0.0452194090114268,7.125418599927798,1.0,1.0,1.0,1.0,0.6548494093407965,0.6182988338362284,0.7683999002795947,8.413138600066304
28,1.0,1.0,1.0,1.0,0.0573431445759694,0.0446322741986818,0.0610591495386683,41.825171699980274,1.0,1.0,1.0,1.0,0.0573431445759694,0.0446322741986818,0.0610591495386683,6.726581400027499,1.0,1.0,1.0,1.0,0.516249613712537,0.5547773759278596,1.138990294685455,8.69454279995989
29,1.0,1.0,1.0,1.0,0.0683805697143191,0.0673443843430922,0.0299297631022719,67.94827089994214,1.0,1.0,1.0,1.0,0.0683805697143191,0.0673443843430922,0.0299297631022719,6.643913200008683,1.0,1.0,1.0,1.0,1.0206783755627675,0.7834019343271912,0.7607129541278097,8.579961699899286
